0,Daniela,Amendola,dan9,dan@gmail.com,1/11/2001,daniela,2
1,Luigi,La gioia,gigi,gigi@gmail.com,23/8/2001,gigi01,2
2,Matteo,Ingusci,teo,teo@gmail.com,4/12/2001,matteo,2
3,Test,Test,test,test@,1/1/2000,test12,1
4,Alex,Rossi,alex,alex@gmail.com,9/9/1998,alex123,1
5,Luca,Lollo,lollino,lollo@gmail.com,15/2/2000,lollo09,1